"source","model_key","model","head","scenario","fold","best_epoch","epochs_completed","window_ap","window_f1","window_precision","window_recall","event_f1","event_precision","event_recall","event_ap_0_5","event_far_per_hour","selected_threshold"
"runs\embedding_heads_cv\animal2vec_pretrained_meerkat_linear\annotations_all\fold_01\metrics.json","animal2vec_pretrained_meerkat_linear","animal2vec","linear head","annotations_all","fold_01","1","9","0.5835432081852535","0.130347324661392","0.4797630799605133","0.07541899441340782","0.007331378299120234","0.09803921568627451","0.003808073115003808","0.0038333396427577496","12.881144990665836","0.7000000000000001"
"runs\embedding_heads_cv\animal2vec_pretrained_meerkat_linear\annotations_all\fold_02\metrics.json","animal2vec_pretrained_meerkat_linear","animal2vec","linear head","annotations_all","fold_02","12","20","0.6485365363361253","0.5986282578875172","0.681023720349563","0.5340186000978953","0.0037313432835820895","0.011363636363636364","0.002232142857142857","0.003413253413253413","60.358450568510314","0.65"
"runs\embedding_heads_cv\animal2vec_pretrained_meerkat_linear\annotations_all\fold_03\metrics.json","animal2vec_pretrained_meerkat_linear","animal2vec","linear head","annotations_all","fold_03","10","18","0.46812320646128125","0.4043812907045589","0.37797454344216935","0.4347549331635901","0.003605769230769231","0.011406844106463879","0.0021413276231263384","0.0005487599957646041","73.08503162333099","0.39"
"runs\embedding_heads_cv\animal2vec_pretrained_meerkat_linear\annotations_all\fold_04\metrics.json","animal2vec_pretrained_meerkat_linear","animal2vec","linear head","annotations_all","fold_04","7","15","0.6861839368047227","0.06889593542807725","0.8754578754578755","0.035858964741185294","0.009060022650056624","0.1111111111111111","0.004722550177095631","0.0044549125429697795","21.386800334168754","0.81"
"runs\embedding_heads_cv\animal2vec_pretrained_meerkat_linear\annotations_all\fold_05\metrics.json","animal2vec_pretrained_meerkat_linear","animal2vec","linear head","annotations_all","fold_05","6","14","0.6445885249853003","0.6663129973474801","0.590919783580334","0.7637579811492855","0.015113350125944584","0.05825242718446602","0.008683068017366137","0.003769317336679764","44.48974391642247","0.14"
"runs\embedding_heads_cv\animal2vec_pretrained_meerkat_mlp2\annotations_all\fold_01\metrics.json","animal2vec_pretrained_meerkat_mlp2","animal2vec","MLP2 head","annotations_all","fold_01","1","9","0.6370954507282315","0.10877144052433413","0.5364511691884457","0.06052141527001862","0.00447427293064877","0.10714285714285714","0.002284843869002285","0.004358154844012977","7.000622277535781","0.8300000000000001"
"runs\embedding_heads_cv\animal2vec_pretrained_meerkat_mlp2\annotations_all\fold_02\metrics.json","animal2vec_pretrained_meerkat_mlp2","animal2vec","MLP2 head","annotations_all","fold_02","15","23","0.6713084990355457","0.5683220687628564","0.7110294117647059","0.4733235438081253","0.007476635514018692","0.022988505747126436","0.004464285714285714","0.002378426527033338","58.97089998072847","0.49"
"runs\embedding_heads_cv\animal2vec_pretrained_meerkat_mlp2\annotations_all\fold_03\metrics.json","animal2vec_pretrained_meerkat_mlp2","animal2vec","MLP2 head","annotations_all","fold_03","15","23","0.42461379446363823","0.3029853906415414","0.3023452355799704","0.30362826225334183","0.003775959723096288","0.015957446808510637","0.0021413276231263384","0.00023785738071452356","52.002810962754744","0.4"
"runs\embedding_heads_cv\animal2vec_pretrained_meerkat_mlp2\annotations_all\fold_04\metrics.json","animal2vec_pretrained_meerkat_mlp2","animal2vec","MLP2 head","annotations_all","fold_04","13","21","0.8104446229949313","0.6136636775446058","0.799373795761079","0.49797449362340584","0.01170835550824907","0.05945945945945946","0.006493506493506494","0.00078721722557339","58.1453634085213","0.48"
"runs\embedding_heads_cv\animal2vec_pretrained_meerkat_mlp2\annotations_all\fold_05\metrics.json","animal2vec_pretrained_meerkat_mlp2","animal2vec","MLP2 head","annotations_all","fold_05","3","11","0.6072922060708589","0.6729287090558767","0.5571286141575275","0.8494983277591973","0.0025974025974025974","0.012658227848101266","0.001447178002894356","0.003095430473626833","35.775257994648996","0.04"
"runs\embedding_heads_cv\perch_v2_linear\annotations_all\fold_01\metrics.json","perch_v2_linear","Perch","linear head","annotations_all","fold_01","1","9","0.7704077839071706","0.2778072033898305","0.9458972046889089","0.1628123544932485","0.058898847631242","0.18473895582329317","0.035034272658035034","0.011719548296912975","56.89373297002725","0.92"
"runs\embedding_heads_cv\perch_v2_linear\annotations_all\fold_02\metrics.json","perch_v2_linear","Perch","linear head","annotations_all","fold_02","14","22","0.8207840933701248","0.47422680412371143","0.9540740740740741","0.315531602155806","0.053763440860215055","0.13636363636363635","0.033482142857142856","0.010964645110986583","66.04866743916571","0.93"
"runs\embedding_heads_cv\perch_v2_linear\annotations_all\fold_03\metrics.json","perch_v2_linear","Perch","linear head","annotations_all","fold_03","2","10","0.6295265461257764","0.16228659121427202","0.844311377245509","0.08977079796264856","0.011734028683181226","0.06766917293233082","0.006423982869379015","0.001042051733295973","34.883175744315075","0.98"
"runs\embedding_heads_cv\perch_v2_linear\annotations_all\fold_04\metrics.json","perch_v2_linear","Perch","linear head","annotations_all","fold_04","12","20","0.9043863238088","0.2358689910195457","0.9834801762114538","0.13400360144057624","0.026382546930492138","0.09386281588447654","0.015348288075560802","0.0022007226440532274","83.9620888310723","0.96"
"runs\embedding_heads_cv\perch_v2_linear\annotations_all\fold_05\metrics.json","perch_v2_linear","Perch","linear head","annotations_all","fold_05","2","10","0.8581994644555568","0.5352543112857455","0.9481825212683681","0.3728710462287105","0.055155875299760196","0.16083916083916083","0.03328509406657019","0.006132347385976027","55.11610104618525","0.9"
"runs\embedding_heads_cv\perch_v2_mlp2\annotations_all\fold_01\metrics.json","perch_v2_mlp2","Perch","MLP2 head","annotations_all","fold_01","2","10","0.7505295713716449","0.20219109693523782","0.94921875","0.11314604997671893","0.06714944042132981","0.24757281553398058","0.03884234577303884","0.010241913917631284","43.441027637212926","0.99"
"runs\embedding_heads_cv\perch_v2_mlp2\annotations_all\fold_02\metrics.json","perch_v2_mlp2","Perch","MLP2 head","annotations_all","fold_02","2","10","0.8496147342688206","0.47403560830860536","0.9755725190839695","0.31308182263596274","0.06405693950177938","0.15789473684210525","0.04017857142857143","0.008991008991008992","66.74391657010429","0.9500000000000001"
"runs\embedding_heads_cv\perch_v2_mlp2\annotations_all\fold_03\metrics.json","perch_v2_mlp2","Perch","MLP2 head","annotations_all","fold_03","14","22","0.6187510548400463","0.3210320052253429","0.6961756373937678","0.208616298811545","0.01956271576524741","0.050445103857566766","0.012134189864382585","0.0007142630912738674","90.02109869500664","0.99"
"runs\embedding_heads_cv\perch_v2_mlp2\annotations_all\fold_04\metrics.json","perch_v2_mlp2","Perch","MLP2 head","annotations_all","fold_04","5","13","0.8410114306393655","0.1978913219789132","0.997275204359673","0.10984393757503001","0.031897926634768745","0.16042780748663102","0.01770956316410862","0.002884815719040319","52.518119308678685","0.99"
"runs\embedding_heads_cv\perch_v2_mlp2\annotations_all\fold_05\metrics.json","perch_v2_mlp2","Perch","MLP2 head","annotations_all","fold_05","1","9","0.883099959860112","0.4181034482758621","0.9831081081081081","0.2655109489051095","0.03864734299516908","0.11678832116788321","0.023154848046309694","0.010311722176128949","55.57540188823679","0.97"
"runs\embedding_heads_cv\voxaboxen_beats_linear\annotations_all\fold_01\metrics.json","voxaboxen_beats_linear","Voxaboxen BEATs","linear head","annotations_all","fold_01","8","16","0.906130635117844","0.7125638800501399","0.9409218232747645","0.5734016139044072","0.02349869451697128","0.0821917808219178","0.013709063214013708","0.0045541283149214086","56.28500311138768","0.8300000000000001"
"runs\embedding_heads_cv\voxaboxen_beats_linear\annotations_all\fold_02\metrics.json","voxaboxen_beats_linear","Voxaboxen BEATs","linear head","annotations_all","fold_02","1","9","0.7881925495760714","0.33279088689991865","0.9855421686746988","0.20019579050416056","0.02857142857142857","0.16666666666666666","0.015625","0.0058895808024727915","24.28213528618231","0.9400000000000001"
"runs\embedding_heads_cv\voxaboxen_beats_linear\annotations_all\fold_03\metrics.json","voxaboxen_beats_linear","Voxaboxen BEATs","linear head","annotations_all","fold_03","15","23","0.68012915241492","0.5804449042938438","0.7432924809539583","0.4761298535964354","0.006222775357809583","0.024271844660194174","0.0035688793718772305","0.000277179467930913","56.50035137034434","0.91"
"runs\embedding_heads_cv\voxaboxen_beats_linear\annotations_all\fold_04\metrics.json","voxaboxen_beats_linear","Voxaboxen BEATs","linear head","annotations_all","fold_04","14","22","0.9501594716815821","0.8154006498681872","0.6894049346879536","0.9977494373593399","0.0","0.0","0.0","0.001205144062286919","23.05764411027569","0.02"
"runs\embedding_heads_cv\voxaboxen_beats_linear\annotations_all\fold_05\metrics.json","voxaboxen_beats_linear","Voxaboxen BEATs","linear head","annotations_all","fold_05","5","13","0.687228874115946","0.11932629174992862","0.9766355140186916","0.06354515050167224","0.01639344262295082","0.14634146341463414","0.008683068017366137","0.004051083873335352","16.053000382214293","0.97"
"runs\embedding_heads_cv\voxaboxen_beats_mlp2\annotations_all\fold_01\metrics.json","voxaboxen_beats_mlp2","Voxaboxen BEATs","MLP2 head","annotations_all","fold_01","1","9","0.932995708648965","0.3479703854991065","0.9805755395683453","0.21151458721291125","0.03804347826086956","0.1761006289308176","0.021325209444021324","0.003870343492985002","36.683260734287494","0.99"
"runs\embedding_heads_cv\voxaboxen_beats_mlp2\annotations_all\fold_02\metrics.json","voxaboxen_beats_mlp2","Voxaboxen BEATs","MLP2 head","annotations_all","fold_02","11","19","0.7961375183446516","0.07808090310442145","1.0","0.040626529613313755","0.01284796573875803","0.15789473684210525","0.006696428571428571","0.0028356951485827807","11.100404702254771","1.0"
"runs\embedding_heads_cv\voxaboxen_beats_mlp2\annotations_all\fold_03\metrics.json","voxaboxen_beats_mlp2","Voxaboxen BEATs","MLP2 head","annotations_all","fold_03","6","14","0.6653145041438223","0.4782481751824817","0.7664950865699579","0.3475493316359007","0.007561436672967864","0.03225806451612903","0.004282655246252677","0.0015281242275107302","50.597329585382994","0.98"
"runs\embedding_heads_cv\voxaboxen_beats_mlp2\annotations_all\fold_04\metrics.json","voxaboxen_beats_mlp2","Voxaboxen BEATs","MLP2 head","annotations_all","fold_04","5","13","0.9485653567562257","0.8584313725490198","0.7605095541401274","0.9852963240810203","0.0","0.0","0.0","0.0015278838808250575","26.399331662489555","0.01"
"runs\embedding_heads_cv\voxaboxen_beats_mlp2\annotations_all\fold_05\metrics.json","voxaboxen_beats_mlp2","Voxaboxen BEATs","MLP2 head","annotations_all","fold_05","12","20","0.7082214975422669","0.3776257938446507","0.9602484472049689","0.2350258437214959","0.02631578947368421","0.14492753623188406","0.01447178002894356","0.0022365125339953713","27.060772072875523","0.99"
"runs\embedding_heads_cv\wav2vec2_base_linear\annotations_all\fold_01\metrics.json","wav2vec2_base_linear","Wav2Vec2","linear head","annotations_all","fold_01","20","28","0.5423293307952898","0.16523632637376715","0.4732208363903155","0.10009310986964619","0.03270440251572327","0.09386281588447654","0.019801980198019802","0.0064731590898421745","70.28624766645925","0.73"
"runs\embedding_heads_cv\wav2vec2_base_linear\annotations_all\fold_02\metrics.json","wav2vec2_base_linear","Wav2Vec2","linear head","annotations_all","fold_02","1","9","0.4083133361850493","0.30745998187858653","0.40141955835962145","0.2491434165442976","0.017937219730941704","0.027149321266968326","0.013392857142857142","0.001726961426209546","149.16168818654847","0.62"
"runs\embedding_heads_cv\wav2vec2_base_linear\annotations_all\fold_03\metrics.json","wav2vec2_base_linear","Wav2Vec2","linear head","annotations_all","fold_03","8","16","0.5373125703195305","0.5361298224127373","0.4193509759310262","0.7430511351580734","0.0025031289111389237","0.01015228426395939","0.0014275517487508922","0.0007464445666692857","54.81377371749824","0.4"
"runs\embedding_heads_cv\wav2vec2_base_linear\annotations_all\fold_04\metrics.json","wav2vec2_base_linear","Wav2Vec2","linear head","annotations_all","fold_04","1","9","0.47323085489488115","0.1403757532789791","0.3303670745272525","0.08912228057014254","0.008230452674897118","0.032","0.004722550177095631","0.0012054125739131402","80.8688387635756","0.6"
"runs\embedding_heads_cv\wav2vec2_base_linear\annotations_all\fold_05\metrics.json","wav2vec2_base_linear","Wav2Vec2","linear head","annotations_all","fold_05","5","13","0.425125697774425","0.36764705882352944","0.4200859710824541","0.32684706597750074","0.034205231388329975","0.056105610561056105","0.024602026049204053","0.002802113733970121","131.17594598037965","0.5"
"runs\embedding_heads_cv\wav2vec2_base_mlp2\annotations_all\fold_01\metrics.json","wav2vec2_base_mlp2","Wav2Vec2","MLP2 head","annotations_all","fold_01","4","12","0.603580526104442","0.08941447937698298","0.6326530612244898","0.048106765983860954","0.021352313167259787","0.16304347826086957","0.011424219345011425","0.007528130662355207","21.561916614810205","0.96"
"runs\embedding_heads_cv\wav2vec2_base_mlp2\annotations_all\fold_02\metrics.json","wav2vec2_base_mlp2","Wav2Vec2","MLP2 head","annotations_all","fold_02","1","9","0.4928425215969924","0.36581520025228637","0.5141843971631206","0.28389623103279493","0.022222222222222223","0.038461538461538464","0.015625","0.004388816052102055","121.41067643091155","0.55"
"runs\embedding_heads_cv\wav2vec2_base_mlp2\annotations_all\fold_03\metrics.json","wav2vec2_base_mlp2","Wav2Vec2","MLP2 head","annotations_all","fold_03","20","28","0.3044245614802587","0.1520935960591133","0.2770611329220415","0.10481646509654148","0.011716461628588165","0.032679738562091505","0.007137758743754461","0.0006128057246268108","83.20449754040759","0.9500000000000001"
"runs\embedding_heads_cv\wav2vec2_base_mlp2\annotations_all\fold_04\metrics.json","wav2vec2_base_mlp2","Wav2Vec2","MLP2 head","annotations_all","fold_04","9","17","0.5092252896633913","0.23134657836644595","0.43757828810020877","0.15723930982745687","0.025603151157065487","0.0771513353115727","0.015348288075560802","0.0015203455436691585","103.92648287385128","0.49"
"runs\embedding_heads_cv\wav2vec2_base_mlp2\annotations_all\fold_05\metrics.json","wav2vec2_base_mlp2","Wav2Vec2","MLP2 head","annotations_all","fold_05","3","11","0.43498332574454524","0.5599817372446066","0.44828216374269003","0.745819397993311","0.006928406466512702","0.017142857142857144","0.004341534008683068","0.0022797453723670366","78.88903044973881","0.19"
