split,threshold,precision,recall,f1,false_positive_rate,false_negative_rate,tp,fp,tn,fn,predicted_sound_windows,predicted_sound_minutes_per_hour,mode,selected_on,model,model_label,scenario,scenario_label,fold
test,0.72,0.5796672828096119,0.2458836443468715,0.3452983924245761,0.1766899766899766,0.7541163556531284,1568,1137,5298,4809,2705,12.667811426787386,balanced,val,animal2vec_pretrained_meerkat,animal2vec pretrained,annotations_all,all,fold_01
test,0.95,0.5815028901734104,0.0788772149913752,0.1389119027892847,0.0562548562548562,0.9211227850086248,503,362,6073,5874,865,4.050889790821105,clean,val,animal2vec_pretrained_meerkat,animal2vec pretrained,annotations_all,all,fold_01
test,0.65,0.6548599670510709,0.4005037783375315,0.4970303219756173,0.1325949367088607,0.5994962216624685,795,419,2741,1190,1214,14.157434402332362,balanced,val,animal2vec_pretrained_meerkat,animal2vec pretrained,annotations_all,all,fold_02
test,0.94,0.5641025641025641,0.0110831234256926,0.0217391304347826,0.005379746835443,0.9889168765743072,22,17,3143,1963,39,0.4548104956268222,clean,val,animal2vec_pretrained_meerkat,animal2vec pretrained,annotations_all,all,fold_02
test,0.21,0.3401703459064836,0.4398741290177568,0.3836502646539894,0.4565792638922299,0.5601258709822432,1957,3796,4518,2492,5753,27.045365509676408,balanced,val,animal2vec_pretrained_meerkat,animal2vec pretrained,annotations_all,all,fold_03
test,0.26,0.3363016294050777,0.3989660597887166,0.364963503649635,0.4213375030069762,0.6010339402112834,1775,3503,4811,2674,5278,24.812348193998275,clean,val,animal2vec_pretrained_meerkat,animal2vec pretrained,annotations_all,all,fold_03
test,0.05,0.7165309814563546,0.9610251744009706,0.8209612644124886,0.6062877871825877,0.0389748255990294,6337,2507,1628,257,8844,49.45847702488582,balanced,val,animal2vec_pretrained_meerkat,animal2vec pretrained,annotations_all,all,fold_04
test,0.9,0.901685393258427,0.194722474977252,0.3202793714143178,0.0338573155985489,0.805277525022748,1284,140,3995,5310,1424,7.963463510112779,clean,val,animal2vec_pretrained_meerkat,animal2vec pretrained,annotations_all,all,fold_04
test,0.05,0.5497453975714846,0.866625501698055,0.6727381665668065,0.5035041611914148,0.133374498301945,2807,2299,2267,432,5106,39.25176169122358,balanced,val,animal2vec_pretrained_meerkat,animal2vec pretrained,annotations_all,all,fold_05
test,0.89,0.8589743589743589,0.0620561901821549,0.1157500719838756,0.007227332457293,0.937943809817845,201,33,4533,3038,234,1.7988468930172967,clean,val,animal2vec_pretrained_meerkat,animal2vec pretrained,annotations_all,all,fold_05
test,0.05,0.6311328443357783,0.9596034696406444,0.7614552605703048,0.5740740740740741,0.0403965303593556,3872,2263,1679,163,6135,46.14516735614893,balanced,val,animal2vec_pretrained_meerkat,animal2vec pretrained,annotations_v1,v1,fold_01
test,0.47,0.701534170153417,0.2493184634448575,0.3678917535198391,0.1085743277524099,0.7506815365551425,1006,428,3514,3029,1434,10.786009778112073,clean,val,animal2vec_pretrained_meerkat,animal2vec pretrained,annotations_v1,v1,fold_01
test,0.05,0.7087071240105541,0.7455588452997779,0.7266660654702859,0.2736737729300942,0.254441154700222,4029,1656,4395,1375,5685,29.7773897861196,balanced,val,animal2vec_pretrained_meerkat,animal2vec pretrained,annotations_v1,v1,fold_02
test,0.05,0.7087071240105541,0.7455588452997779,0.7266660654702859,0.2736737729300942,0.254441154700222,4029,1656,4395,1375,5685,29.7773897861196,clean,val,animal2vec_pretrained_meerkat,animal2vec pretrained,annotations_v1,v1,fold_02
test,0.88,0.0838926174496644,0.058085501858736,0.0686436024162548,0.2231121281464531,0.941914498141264,125,1365,4753,2027,1490,10.810157194679563,balanced,val,animal2vec_pretrained_meerkat,animal2vec pretrained,annotations_v1,v1,fold_03
test,0.9,0.0758333333333333,0.0422862453531598,0.0542959427207637,0.1812683883622098,0.9577137546468402,91,1109,5009,2061,1200,8.706166868198308,clean,val,animal2vec_pretrained_meerkat,animal2vec pretrained,annotations_v1,v1,fold_03
test,0.24,0.7128532360984503,0.7979591836734694,0.7530091478093404,0.2819212410501193,0.2020408163265306,2346,945,2407,594,3291,31.38270820089002,balanced,val,animal2vec_pretrained_meerkat,animal2vec pretrained,annotations_v1,v1,fold_04
test,0.93,0.8438769587928032,0.4945578231292517,0.6236328543855887,0.0802505966587112,0.5054421768707483,1454,269,3083,1486,1723,16.43038779402416,clean,val,animal2vec_pretrained_meerkat,animal2vec pretrained,annotations_v1,v1,fold_04
test,0.06,0.5753266082354886,0.8814289333671143,0.696217730638383,0.6773938274861514,0.1185710666328857,3479,2568,1223,468,6047,46.888084776428016,balanced,val,animal2vec_pretrained_meerkat,animal2vec pretrained,annotations_v1,v1,fold_05
test,0.89,0.7078014184397163,0.1264251330124144,0.2145313843508168,0.0543392244790292,0.8735748669875855,499,206,3585,3448,705,5.466528818816232,clean,val,animal2vec_pretrained_meerkat,animal2vec pretrained,annotations_v1,v1,fold_05
test,0.36,0.736998514115899,0.9584541062801932,0.8332633347333054,0.7531914893617021,0.0415458937198067,992,354,116,43,1346,53.66112956810631,balanced,val,animal2vec_pretrained_meerkat,animal2vec pretrained,annotations_v2,v2,fold_01
test,0.69,0.821256038647343,0.821256038647343,0.821256038647343,0.3936170212765957,0.178743961352657,850,185,285,185,1035,41.2624584717608,clean,val,animal2vec_pretrained_meerkat,animal2vec pretrained,annotations_v2,v2,fold_01
test,0.05,0.6118055555555556,0.9799777530589544,0.7533133817870885,0.9239669421487604,0.0200222469410456,881,559,46,18,1440,57.4468085106383,balanced,val,animal2vec_pretrained_meerkat,animal2vec pretrained,annotations_v2,v2,fold_02
test,0.84,0.8855534709193246,0.525027808676307,0.659217877094972,0.1008264462809917,0.474972191323693,472,61,544,427,533,21.263297872340427,clean,val,animal2vec_pretrained_meerkat,animal2vec pretrained,annotations_v2,v2,fold_02
test,0.2,0.6164519326065411,0.751207729468599,0.6771910724006532,0.5724852071005917,0.2487922705314009,622,387,289,206,1009,40.25265957446808,balanced,val,animal2vec_pretrained_meerkat,animal2vec pretrained,annotations_v2,v2,fold_03
test,0.88,0.8459302325581395,0.3514492753623188,0.4965870307167235,0.0784023668639053,0.6485507246376812,291,53,623,537,344,13.72340425531915,clean,val,animal2vec_pretrained_meerkat,animal2vec pretrained,annotations_v2,v2,fold_03
test,0.27,0.68,0.5730337078651685,0.6219512195121951,0.2424242424242424,0.4269662921348314,408,192,600,304,600,23.93617021276596,balanced,val,animal2vec_pretrained_meerkat,animal2vec pretrained,annotations_v2,v2,fold_04
test,0.91,0.9736842105263158,0.1039325842696629,0.1878172588832487,0.0025252525252525,0.8960674157303371,74,2,790,638,76,3.0319148936170213,clean,val,animal2vec_pretrained_meerkat,animal2vec pretrained,annotations_v2,v2,fold_04
test,0.05,0.4965727341964965,0.9421965317919077,0.6503740648379053,0.8130381303813038,0.0578034682080924,652,661,152,40,1313,52.34551495016611,balanced,val,animal2vec_pretrained_meerkat,animal2vec pretrained,annotations_v2,v2,fold_05
test,0.85,0.6414253897550112,0.4161849710982659,0.5048203330411919,0.1980319803198032,0.5838150289017341,288,161,652,404,449,17.90033222591362,clean,val,animal2vec_pretrained_meerkat,animal2vec pretrained,annotations_v2,v2,fold_05
test,0.37,0.7369912937841668,0.5708908406524467,0.6433937251436147,0.2021789883268482,0.4291091593475533,3640,1299,5126,2736,4939,23.14975392547457,balanced,val,perch_v2,Perch 2.0,annotations_all,all,fold_01
test,0.8,0.8676909944515578,0.3188519447929736,0.466337882784723,0.048249027237354,0.6811480552070264,2033,310,6115,4343,2343,10.981954534801968,clean,val,perch_v2,Perch 2.0,annotations_all,all,fold_01
test,0.18,0.6512410601598654,0.780241935483871,0.7099289153863793,0.2631746031746031,0.219758064516129,1548,829,2321,436,2377,27.77950915465524,balanced,val,perch_v2,Perch 2.0,annotations_all,all,fold_02
test,0.95,0.9331651954602774,0.3729838709677419,0.5329492257832193,0.0168253968253968,0.6270161290322581,740,53,3097,1244,793,9.267627580833658,clean,val,perch_v2,Perch 2.0,annotations_all,all,fold_02
test,0.27,0.5862260998700576,0.7099820143884892,0.6421962379257753,0.2683925346177002,0.2900179856115107,3158,2229,6076,1290,5387,25.34462479416608,balanced,val,perch_v2,Perch 2.0,annotations_all,all,fold_03
test,0.2,0.561443433029909,0.7765287769784173,0.6516981132075472,0.3248645394340758,0.2234712230215827,3454,2698,5607,994,6152,28.94377793460362,clean,val,perch_v2,Perch 2.0,annotations_all,all,fold_03
test,0.62,0.91391623238757,0.718185954800546,0.8043145914727365,0.1081212121212121,0.2818140451994539,4735,446,3679,1858,5181,29.00354543758164,balanced,val,perch_v2,Perch 2.0,annotations_all,all,fold_04
test,0.82,0.9444304117201312,0.5671166388593963,0.7086808188021229,0.0533333333333333,0.4328833611406036,3739,220,3905,2854,3959,22.162716924799405,clean,val,perch_v2,Perch 2.0,annotations_all,all,fold_04
test,0.05,0.5287257760246956,0.9521309450277948,0.6798985555188003,0.6031606672519754,0.047869054972205,3083,2748,1808,155,5831,44.88837567359507,balanced,val,perch_v2,Perch 2.0,annotations_all,all,fold_05
test,0.86,0.8921911421911422,0.4728227300802964,0.6180863948324586,0.0406057945566286,0.5271772699197035,1531,185,4371,1707,1716,13.210161662817551,clean,val,perch_v2,Perch 2.0,annotations_all,all,fold_05
test,0.06,0.624817281143414,0.9534076827757124,0.7549058084772371,0.586741173482347,0.0465923172242874,3847,2310,1627,188,6157,46.33968891118917,balanced,val,perch_v2,Perch 2.0,annotations_v1,v1,fold_01
test,0.73,0.9013595603124096,0.7722428748451053,0.8318206086492258,0.0866141732283464,0.2277571251548946,3116,341,3596,919,3457,26.01856497742097,clean,val,perch_v2,Perch 2.0,annotations_v1,v1,fold_01
test,0.05,0.708554857419043,0.8139922265408107,0.7576227390180879,0.299206086668872,0.1860077734591893,4398,1809,4237,1005,6207,32.528605118350946,balanced,val,perch_v2,Perch 2.0,annotations_v1,v1,fold_02
test,0.95,0.956060606060606,0.1167869702017397,0.2081477816262576,0.0047965597088984,0.8832130297982602,631,29,6017,4772,660,3.458817363961918,clean,val,perch_v2,Perch 2.0,annotations_v1,v1,fold_02
test,0.06,0.2235994848679974,0.6454460966542751,0.3321377331420373,0.7891034031413613,0.3545539033457249,1389,4823,1289,763,6212,45.10164569215876,balanced,val,perch_v2,Perch 2.0,annotations_v1,v1,fold_03
test,0.95,0.2184466019417475,0.0209107806691449,0.0381679389312977,0.0263416230366492,0.979089219330855,45,161,5951,2107,206,1.4956437560503388,clean,val,perch_v2,Perch 2.0,annotations_v1,v1,fold_03
test,0.59,0.6465116279069767,0.7091836734693877,0.6763990267639902,0.3407053197848177,0.2908163265306122,2085,1140,2206,855,3225,30.782691695832007,balanced,val,perch_v2,Perch 2.0,annotations_v1,v1,fold_04
test,0.63,0.6658940397350993,0.6840136054421768,0.6748322147651007,0.3015540944411237,0.3159863945578231,2011,1009,2337,929,3020,28.82596245625199,clean,val,perch_v2,Perch 2.0,annotations_v1,v1,fold_04
test,0.16,0.7434497816593887,0.8626805168482392,0.7986396153395098,0.3104359313077939,0.1373194831517608,3405,1175,2610,542,4580,35.540610450077594,balanced,val,perch_v2,Perch 2.0,annotations_v1,v1,fold_05
test,0.57,0.8750778816199377,0.7116797567772992,0.784965767779796,0.1059445178335535,0.2883202432227008,2809,401,3384,1138,3210,24.909467149508536,clean,val,perch_v2,Perch 2.0,annotations_v1,v1,fold_05
test,0.38,0.8218340611353712,0.9100580270793036,0.8636989444699403,0.4377682403433476,0.0899419729206963,941,204,262,93,1145,45.8,balanced,val,perch_v2,Perch 2.0,annotations_v2,v2,fold_01
test,0.53,0.8717693836978131,0.8481624758220503,0.8598039215686275,0.2768240343347639,0.1518375241779497,877,129,337,157,1006,40.24,clean,val,perch_v2,Perch 2.0,annotations_v2,v2,fold_01
test,0.05,0.6689761354888376,0.967706013363029,0.7910787437414656,0.7154742096505824,0.032293986636971,869,430,171,29,1299,51.99466310873916,balanced,val,perch_v2,Perch 2.0,annotations_v2,v2,fold_02
test,0.9,0.9431372549019608,0.5356347438752784,0.6832386363636364,0.0482529118136439,0.4643652561247216,481,29,572,417,510,20.413609072715143,clean,val,perch_v2,Perch 2.0,annotations_v2,v2,fold_02
test,0.31,0.684331797235023,0.7182587666263603,0.7008849557522124,0.4077380952380952,0.2817412333736396,594,274,398,233,868,34.74316210807205,balanced,val,perch_v2,Perch 2.0,annotations_v2,v2,fold_03
test,0.77,0.8804071246819338,0.4183796856106409,0.5672131147540984,0.0699404761904761,0.5816203143893591,346,47,625,481,393,15.73048699132755,clean,val,perch_v2,Perch 2.0,annotations_v2,v2,fold_03
test,0.21,0.622568093385214,0.90014064697609,0.7360552041403106,0.4923857868020304,0.0998593530239099,640,388,400,71,1028,41.14743162108072,balanced,val,perch_v2,Perch 2.0,annotations_v2,v2,fold_04
test,0.4,0.6611764705882353,0.790436005625879,0.7200512491992312,0.365482233502538,0.2095639943741209,562,288,500,149,850,34.02268178785857,clean,val,perch_v2,Perch 2.0,annotations_v2,v2,fold_04
test,0.39,0.7537688442211056,0.6502890173410405,0.6982156710628394,0.1819306930693069,0.3497109826589595,450,147,661,242,597,23.880000000000003,balanced,val,perch_v2,Perch 2.0,annotations_v2,v2,fold_05
test,0.49,0.8036437246963563,0.5736994219653179,0.6694772344013491,0.120049504950495,0.4263005780346821,397,97,711,295,494,19.76,clean,val,perch_v2,Perch 2.0,annotations_v2,v2,fold_05
test,0.45,0.7721996517701684,0.8345617061314098,0.802170472529957,0.2439782439782439,0.1654382938685902,5322,1570,4865,1055,6892,32.27599125819544,balanced,val,voxaboxen_beats,Voxaboxen BEATs,annotations_all,all,fold_01
test,0.72,0.8781563126252505,0.6871569703622393,0.7710037828802674,0.0944832944832944,0.3128430296377607,4382,608,5827,1995,4990,23.36871682797377,clean,val,voxaboxen_beats,Voxaboxen BEATs,annotations_all,all,fold_01
test,0.69,0.8113879003558719,0.5743073047858942,0.672566371681416,0.0838607594936708,0.4256926952141058,1140,265,2895,845,1405,16.38483965014577,balanced,val,voxaboxen_beats,Voxaboxen BEATs,annotations_all,all,fold_02
test,0.95,0.9707692307692308,0.3178841309823678,0.4789373814041746,0.0060126582278481,0.6821158690176322,631,19,3141,1354,650,7.580174927113702,clean,val,voxaboxen_beats,Voxaboxen BEATs,annotations_all,all,fold_02
test,0.45,0.5584822250874931,0.6815014610024724,0.6138894513059324,0.2883088765936973,0.3184985389975275,3032,2397,5917,1417,5429,25.52221264592964,balanced,val,voxaboxen_beats,Voxaboxen BEATs,annotations_all,all,fold_03
test,0.32,0.5122778675282714,0.7127444369521241,0.5961086568286493,0.3631224440702429,0.2872555630478759,3171,3019,5295,1278,6190,29.09974144010029,clean,val,voxaboxen_beats,Voxaboxen BEATs,annotations_all,all,fold_03
test,0.1,0.8083406168060931,0.9818016378525932,0.8866671231938643,0.3712212817412333,0.0181983621474067,6474,1535,2600,120,8009,44.78888992450368,balanced,val,voxaboxen_beats,Voxaboxen BEATs,annotations_all,all,fold_04
test,0.87,0.9610807333547764,0.4531392174704277,0.6158919921673709,0.0292623941958887,0.5468607825295724,2988,121,4014,3606,3109,17.38652250908752,clean,val,voxaboxen_beats,Voxaboxen BEATs,annotations_all,all,fold_04
test,0.53,0.7795838751625488,0.370175980240815,0.5019886958342056,0.0742444152431011,0.6298240197591849,1199,339,4227,2040,1538,11.823190262652147,balanced,val,voxaboxen_beats,Voxaboxen BEATs,annotations_all,all,fold_05
test,0.61,0.8119469026548672,0.3399197283112071,0.4792165397170838,0.0558475689881734,0.6600802716887928,1101,255,4311,2138,1356,10.424087123638692,clean,val,voxaboxen_beats,Voxaboxen BEATs,annotations_all,all,fold_05
test,0.27,0.7742830712303422,0.6223048327137547,0.6900247320692497,0.1856925418569254,0.3776951672862453,2511,732,3210,1524,3243,24.39262880782249,balanced,val,voxaboxen_beats,Voxaboxen BEATs,annotations_v1,v1,fold_01
test,0.24,0.7590325470289638,0.6299876084262701,0.6885157096424702,0.2047184170471841,0.3700123915737298,2542,807,3135,1493,3349,25.189921022940958,clean,val,voxaboxen_beats,Voxaboxen BEATs,annotations_v1,v1,fold_01
test,0.05,0.7591423116463504,0.9565136935603256,0.8464750675509702,0.2710295818872913,0.0434863064396743,5169,1640,4411,235,6809,35.664775207333044,balanced,val,voxaboxen_beats,Voxaboxen BEATs,annotations_v1,v1,fold_02
test,0.72,0.9540389972144848,0.5070318282753515,0.6621556307394877,0.0218145761031234,0.4929681717246484,2740,132,5919,2664,2872,15.043212570929724,clean,val,voxaboxen_beats,Voxaboxen BEATs,annotations_v1,v1,fold_02
test,0.73,0.3990086741016109,0.2992565055762082,0.3420074349442379,0.158548545276234,0.7007434944237918,644,970,5148,1508,1614,11.709794437726725,balanced,val,voxaboxen_beats,Voxaboxen BEATs,annotations_v1,v1,fold_03
test,0.9,0.4488935721812434,0.1979553903345725,0.2747500806191551,0.0854854527623406,0.8020446096654275,426,523,5595,1726,949,6.885126964933495,clean,val,voxaboxen_beats,Voxaboxen BEATs,annotations_v1,v1,fold_03
test,0.29,0.6080106809078771,0.7744897959183673,0.681226626776365,0.4379474940334129,0.2255102040816326,2277,1468,1884,663,3745,35.7120152574698,balanced,val,voxaboxen_beats,Voxaboxen BEATs,annotations_v1,v1,fold_04
test,0.47,0.6529680365296804,0.680952380952381,0.6666666666666666,0.3174224343675417,0.319047619047619,2002,1064,2288,938,3066,29.237126509853784,clean,val,voxaboxen_beats,Voxaboxen BEATs,annotations_v1,v1,fold_04
test,0.67,0.8936353211009175,0.7897137066126172,0.8384667114996638,0.0978633605908731,0.2102862933873828,3117,371,3420,830,3488,27.045748255363144,balanced,val,voxaboxen_beats,Voxaboxen BEATs,annotations_v1,v1,fold_05
test,0.56,0.872068785825951,0.8479858120091208,0.8598587026332691,0.1295172777631232,0.1520141879908791,3347,491,3300,600,3838,29.759627810803824,clean,val,voxaboxen_beats,Voxaboxen BEATs,annotations_v1,v1,fold_05
test,0.35,0.8290378006872853,0.932367149758454,0.8776716689404275,0.4234042553191489,0.0676328502415458,965,199,271,70,1164,46.40531561461794,balanced,val,voxaboxen_beats,Voxaboxen BEATs,annotations_v2,v2,fold_01
test,0.54,0.8921001926782274,0.8946859903381642,0.8933912204534491,0.2382978723404255,0.1053140096618357,926,112,358,109,1038,41.38205980066445,clean,val,voxaboxen_beats,Voxaboxen BEATs,annotations_v2,v2,fold_01
test,0.42,0.7909407665505227,0.7575083426028921,0.7738636363636363,0.2975206611570248,0.2424916573971079,681,180,425,218,861,34.348404255319146,balanced,val,voxaboxen_beats,Voxaboxen BEATs,annotations_v2,v2,fold_02
test,0.68,0.9202898550724636,0.5650723025583982,0.7002067539627843,0.0727272727272727,0.4349276974416017,508,44,561,391,552,22.02127659574468,clean,val,voxaboxen_beats,Voxaboxen BEATs,annotations_v2,v2,fold_02
test,0.56,0.8473684210526315,0.5833333333333334,0.6909871244635193,0.128698224852071,0.4166666666666667,483,87,589,345,570,22.73936170212766,balanced,val,voxaboxen_beats,Voxaboxen BEATs,annotations_v2,v2,fold_03
test,0.58,0.8589511754068716,0.5736714975845411,0.6879073135409124,0.1153846153846153,0.4263285024154589,475,78,598,353,553,22.06117021276596,clean,val,voxaboxen_beats,Voxaboxen BEATs,annotations_v2,v2,fold_03
test,0.48,0.7926829268292683,0.7303370786516854,0.7602339181286549,0.1717171717171717,0.2696629213483146,520,136,656,192,656,26.170212765957448,balanced,val,voxaboxen_beats,Voxaboxen BEATs,annotations_v2,v2,fold_04
test,0.58,0.851520572450805,0.6685393258426966,0.7490165224232888,0.1047979797979797,0.3314606741573033,476,83,709,236,559,22.300531914893615,clean,val,voxaboxen_beats,Voxaboxen BEATs,annotations_v2,v2,fold_04
test,0.29,0.6208920187793427,0.7644508670520231,0.6852331606217616,0.3972939729397294,0.2355491329479768,529,323,490,163,852,33.966777408637874,balanced,val,voxaboxen_beats,Voxaboxen BEATs,annotations_v2,v2,fold_05
test,0.1,0.5202265372168284,0.9291907514450868,0.66701244813278,0.7293972939729397,0.0708092485549133,643,593,220,49,1236,49.27574750830565,clean,val,voxaboxen_beats,Voxaboxen BEATs,annotations_v2,v2,fold_05
test,0.05,0.5765986061865753,0.739532695624902,0.6479802143446002,0.5381507381507381,0.260467304375098,4716,3463,2972,1661,8179,38.30315329378708,balanced,val,wav2vec2_base,Wav2Vec2 base,annotations_all,all,fold_01
test,0.95,0.5703275529865125,0.0464168104124196,0.0858468677494199,0.0346542346542346,0.9535831895875804,296,223,6212,6081,519,2.430533874492663,clean,val,wav2vec2_base,Wav2Vec2 base,annotations_all,all,fold_01
test,0.08,0.4385547896363204,0.929471032745592,0.5959302325581395,0.7474683544303797,0.070528967254408,1845,2362,798,140,4207,49.06122448979592,balanced,val,wav2vec2_base,Wav2Vec2 base,annotations_all,all,fold_02
test,0.95,0.8666666666666667,0.0523929471032745,0.098812351543943,0.0050632911392405,0.9476070528967254,104,16,3144,1881,120,1.3994169096209912,clean,val,wav2vec2_base,Wav2Vec2 base,annotations_all,all,fold_02
test,0.08,0.3576891928372177,0.8934592043155766,0.5108597866598124,0.8585518402694251,0.1065407956844234,3975,7138,1176,474,11113,52.243203008697016,balanced,val,wav2vec2_base,Wav2Vec2 base,annotations_all,all,fold_03
test,0.75,0.3904761904761905,0.3409755001123848,0.3640508759299256,0.284820784219389,0.6590244998876152,1517,2368,5946,2932,3885,18.2637310977043,clean,val,wav2vec2_base,Wav2Vec2 base,annotations_all,all,fold_03
test,0.2,0.5793032786885246,0.4287230815893236,0.4927662541397943,0.4964933494558646,0.5712769184106764,2827,2053,2082,3767,4880,27.290521017802217,balanced,val,wav2vec2_base,Wav2Vec2 base,annotations_all,all,fold_04
test,0.81,0.4796747967479675,0.0536851683348498,0.0965630114566284,0.0928657799274486,0.9463148316651502,354,384,3751,6240,738,4.127132071954516,clean,val,wav2vec2_base,Wav2Vec2 base,annotations_all,all,fold_04
test,0.05,0.4664090368608799,0.9688175362766286,0.629677937192736,0.7862461673236969,0.0311824637233714,3138,3590,976,101,6728,51.720691864189625,balanced,val,wav2vec2_base,Wav2Vec2 base,annotations_all,all,fold_05
test,0.95,0.368,0.0284038283420808,0.0527371739753511,0.0346035917652212,0.9715961716579192,92,158,4408,3147,250,1.9218449711723251,clean,val,wav2vec2_base,Wav2Vec2 base,annotations_all,all,fold_05
test,0.05,0.6474424291828,0.787360594795539,0.7105792887497204,0.4388635210553018,0.2126394052044609,3177,1730,2212,858,4907,36.90861226024821,balanced,val,wav2vec2_base,Wav2Vec2 base,annotations_v1,v1,fold_01
test,0.05,0.6474424291828,0.787360594795539,0.7105792887497204,0.4388635210553018,0.2126394052044609,3177,1730,2212,858,4907,36.90861226024821,clean,val,wav2vec2_base,Wav2Vec2 base,annotations_v1,v1,fold_01
test,0.91,0.2746478873239437,0.0072168763878608,0.0140641904075009,0.0170219798380432,0.9927831236121392,39,103,5948,5365,142,0.7437800087298123,balanced,val,wav2vec2_base,Wav2Vec2 base,annotations_v1,v1,fold_02
test,0.95,0.238095238095238,0.0027757216876387,0.0054874702762026,0.0079325731284085,0.9972242783123612,15,48,6003,5389,63,0.3299869052815364,clean,val,wav2vec2_base,Wav2Vec2 base,annotations_v1,v1,fold_02
test,0.29,0.2536047497879559,0.8336431226765799,0.3889009321482766,0.8630271330500163,0.16635687732342,1794,5280,838,358,7074,51.32285368802902,balanced,val,wav2vec2_base,Wav2Vec2 base,annotations_v1,v1,fold_03
test,0.95,0.3760575296108291,0.4131040892193308,0.3937112488928255,0.241091860084995,0.5868959107806692,889,1475,4643,1263,2364,17.151148730350666,clean,val,wav2vec2_base,Wav2Vec2 base,annotations_v1,v1,fold_03
test,0.05,0.5017695635076681,0.8680272108843538,0.635933217044605,0.7559665871121718,0.1319727891156462,2552,2534,818,388,5086,48.49968213604577,balanced,val,wav2vec2_base,Wav2Vec2 base,annotations_v1,v1,fold_04
test,0.94,0.7269372693726938,0.469047619047619,0.5701881331403763,0.1545346062052505,0.530952380952381,1379,518,2834,1561,1897,18.08963763509218,clean,val,wav2vec2_base,Wav2Vec2 base,annotations_v1,v1,fold_04
test,0.05,0.5527822639847306,0.9538890296427668,0.6999442275515895,0.8034819308889475,0.0461109703572333,3765,3046,745,182,6811,52.81209614887568,balanced,val,wav2vec2_base,Wav2Vec2 base,annotations_v1,v1,fold_05
test,0.69,0.5212765957446809,0.099315936154041,0.1668440093636944,0.0949617515167502,0.900684063845959,392,360,3431,3555,752,5.83096407340398,clean,val,wav2vec2_base,Wav2Vec2 base,annotations_v1,v1,fold_05
test,0.4,0.6961285609934259,0.9207729468599034,0.7928452579034941,0.8851063829787233,0.0792270531400966,953,416,54,82,1369,54.57807308970099,balanced,val,wav2vec2_base,Wav2Vec2 base,annotations_v2,v2,fold_01
test,0.62,0.6860782529572339,0.7285024154589372,0.7066541705716963,0.7340425531914894,0.2714975845410628,754,345,125,281,1099,43.81395348837209,clean,val,wav2vec2_base,Wav2Vec2 base,annotations_v2,v2,fold_01
test,0.05,0.6197771587743732,0.9899888765294772,0.7623126338329764,0.9024793388429752,0.0100111234705228,890,546,59,9,1436,57.28723404255319,balanced,val,wav2vec2_base,Wav2Vec2 base,annotations_v2,v2,fold_02
test,0.95,0.885286783042394,0.3948832035595105,0.5461538461538461,0.0760330578512396,0.6051167964404894,355,46,559,544,401,15.997340425531911,clean,val,wav2vec2_base,Wav2Vec2 base,annotations_v2,v2,fold_02
test,0.23,0.5297113752122241,0.7536231884057971,0.6221335992023929,0.8195266272189349,0.2463768115942029,624,554,122,204,1178,46.99468085106383,balanced,val,wav2vec2_base,Wav2Vec2 base,annotations_v2,v2,fold_03
test,0.74,0.5674418604651162,0.1473429951690821,0.2339405560882071,0.1375739644970414,0.8526570048309179,122,93,583,706,215,8.577127659574467,clean,val,wav2vec2_base,Wav2Vec2 base,annotations_v2,v2,fold_03
test,0.1,0.4768166089965397,0.9676966292134832,0.6388502549837738,0.9545454545454546,0.0323033707865168,689,756,36,23,1445,57.64627659574468,balanced,val,wav2vec2_base,Wav2Vec2 base,annotations_v2,v2,fold_04
test,0.92,0.3616071428571428,0.1137640449438202,0.173076923076923,0.1805555555555555,0.8862359550561798,81,143,649,631,224,8.936170212765957,clean,val,wav2vec2_base,Wav2Vec2 base,annotations_v2,v2,fold_04
test,0.05,0.4585006693440428,0.9898843930635838,0.6267154620311071,0.995079950799508,0.0101156069364161,685,809,4,7,1494,59.561461794019934,balanced,val,wav2vec2_base,Wav2Vec2 base,annotations_v2,v2,fold_05
test,0.76,0.5482233502538071,0.3121387283236994,0.3977900552486187,0.2189421894218942,0.6878612716763006,216,178,635,476,394,15.70764119601329,clean,val,wav2vec2_base,Wav2Vec2 base,annotations_v2,v2,fold_05
